{"v":"4.10.1","fr":29.9700012207031,"ip":0,"op":50.0000020365418,"w":2000,"h":1000,"nm":"Comp 1","ddd":0,"assets":[{"id":"comp_0","layers":[{"ddd":0,"ind":1,"ty":4,"nm":"Shape Layer 6","sr":1,"ks":{"o":{"a":0,"k":100,"ix":11},"r":{"a":0,"k":0,"ix":10},"p":{"a":0,"k":[619,814,0],"ix":2},"a":{"a":0,"k":[-41.791,314,0],"ix":1},"s":{"a":1,"k":[{"i":{"x":[0.254,0.667,0.667],"y":[1.027,1,1]},"o":{"x":[0.333,0.333,0.333],"y":[0,0,0]},"n":["0p254_1p027_0p333_0","0p667_1_0p333_0","0p667_1_0p333_0"],"t":3,"s":[67,100,100],"e":[18,100,100]},{"i":{"x":[0.667,0.667,0.667],"y":[1,1,1]},"o":{"x":[0.791,0.306,0.333],"y":[0,0.678,0]},"n":["0p667_1_0p791_0","0p667_1_0p306_0p678","0p667_1_0p333_0"],"t":22,"s":[18,100,100],"e":[67,100,100]},{"t":41.0000016699642}],"ix":6}},"ao":0,"shapes":[{"ty":"gr","it":[{"ind":0,"ty":"sh","ix":1,"ks":{"a":0,"k":{"i":[[0,0],[0,0]],"o":[[0,0],[0,0]],"v":[[-130,315],[54,315]],"c":false},"ix":2},"nm":"Path 1","mn":"ADBE Vector Shape - Group","hd":false},{"ty":"tm","s":{"a":0,"k":0,"ix":1},"e":{"a":0,"k":100,"ix":2},"o":{"a":0,"k":0,"ix":3},"m":1,"ix":2,"nm":"Trim Paths 1","mn":"ADBE Vector Filter - Trim","hd":false},{"ty":"st","c":{"a":0,"k":[0.827450980392,0.827450980392,0.827450980392,1],"ix":3},"o":{"a":0,"k":100,"ix":4},"w":{"a":0,"k":16,"ix":5},"lc":2,"lj":1,"ml":4,"nm":"Stroke 1","mn":"ADBE Vector Graphic - Stroke","hd":false},{"ty":"tr","p":{"a":0,"k":[0,0],"ix":2},"a":{"a":0,"k":[0,0],"ix":1},"s":{"a":0,"k":[100,100],"ix":3},"r":{"a":0,"k":0,"ix":6},"o":{"a":0,"k":100,"ix":7},"sk":{"a":0,"k":0,"ix":4},"sa":{"a":0,"k":0,"ix":5},"nm":"Transform"}],"nm":"Shape 1","np":4,"cix":2,"ix":1,"mn":"ADBE Vector Group","hd":false}],"ip":0,"op":2698.00010989179,"st":0,"bm":0},{"ddd":0,"ind":2,"ty":4,"nm":"Shape Layer 5","parent":3,"sr":1,"ks":{"o":{"a":0,"k":100,"ix":11},"r":{"a":0,"k":0,"ix":10},"p":{"a":0,"k":[-506.754,392.155,0],"ix":2},"a":{"a":0,"k":[0,0,0],"ix":1},"s":{"a":0,"k":[100,100,100],"ix":6}},"ao":0,"shapes":[{"ty":"gr","it":[{"d":1,"ty":"el","s":{"a":0,"k":[109.5,109.5],"ix":2},"p":{"a":0,"k":[0,0],"ix":3},"nm":"Ellipse Path 1","mn":"ADBE Vector Shape - Ellipse","hd":false},{"ty":"tm","s":{"a":0,"k":82,"ix":1},"e":{"a":0,"k":100,"ix":2},"o":{"a":0,"k":-14,"ix":3},"m":1,"ix":2,"nm":"Trim Paths 1","mn":"ADBE Vector Filter - Trim","hd":false},{"ty":"st","c":{"a":0,"k":[1,1,1,1],"ix":3},"o":{"a":0,"k":100,"ix":4},"w":{"a":0,"k":8,"ix":5},"lc":2,"lj":1,"ml":4,"nm":"Stroke 1","mn":"ADBE Vector Graphic - Stroke","hd":false},{"ty":"tr","p":{"a":0,"k":[-31.75,-266.25],"ix":2},"a":{"a":0,"k":[0,0],"ix":1},"s":{"a":0,"k":[100,100],"ix":3},"r":{"a":0,"k":0,"ix":6},"o":{"a":0,"k":100,"ix":7},"sk":{"a":0,"k":0,"ix":4},"sa":{"a":0,"k":0,"ix":5},"nm":"Transform"}],"nm":"Ellipse 1","np":4,"cix":2,"ix":1,"mn":"ADBE Vector Group","hd":false}],"ip":0,"op":2698.00010989179,"st":0,"bm":0},{"ddd":0,"ind":3,"ty":4,"nm":"Shape Layer 4","sr":1,"ks":{"o":{"a":0,"k":100,"ix":11},"r":{"a":0,"k":0,"ix":10},"p":{"a":1,"k":[{"i":{"x":0.429,"y":1},"o":{"x":0.553,"y":0},"n":"0p429_1_0p553_0","t":3,"s":[618.5,769.25,0],"e":[649.5,232.25,0],"to":[5.16666650772095,-89.5,0],"ti":[0.16666667163372,0.16666667163372,0]},{"i":{"x":0.405,"y":0.968},"o":{"x":0.545,"y":0.009},"n":"0p405_0p968_0p545_0p009","t":22,"s":[649.5,232.25,0],"e":[617.5,768.25,0],"to":[-0.16666667163372,-0.16666667163372,0],"ti":[5.33333349227905,-89.3333358764648,0]},{"t":39.0000015885026}],"ix":2},"a":{"a":0,"k":[-543.254,124.405,0],"ix":1},"s":{"a":1,"k":[{"i":{"x":[0.36,0.476,0.667],"y":[0.37,1,1]},"o":{"x":[0.333,0.333,0.333],"y":[0,0,0]},"n":["0p36_0p37_0p333_0","0p476_1_0p333_0","0p667_1_0p333_0"],"t":3,"s":[100,57,100],"e":[100,100,100]},{"i":{"x":[0.667,0.667,0.667],"y":[1,1,1]},"o":{"x":[0.422,0.552,0.333],"y":[-0.597,0,0]},"n":["0p667_1_0p422_-0p597","0p667_1_0p552_0","0p667_1_0p333_0"],"t":28,"s":[100,100,100],"e":[100,57,100]},{"t":39.0000015885026}],"ix":6}},"ao":0,"shapes":[{"ty":"gr","it":[{"d":1,"ty":"el","s":{"a":0,"k":[136,136],"ix":2},"p":{"a":0,"k":[0,0],"ix":3},"nm":"Ellipse Path 1","mn":"ADBE Vector Shape - Ellipse","hd":false},{"ty":"fl","c":{"a":0,"k":[0.905881993911,0,0,1],"ix":4},"o":{"a":0,"k":100,"ix":5},"r":1,"nm":"Fill 1","mn":"ADBE Vector Graphic - Fill","hd":false},{"ty":"tr","p":{"a":0,"k":[-544,124],"ix":2},"a":{"a":0,"k":[-2,0],"ix":1},"s":{"a":0,"k":[100,100],"ix":3},"r":{"a":0,"k":0,"ix":6},"o":{"a":0,"k":100,"ix":7},"sk":{"a":0,"k":0,"ix":4},"sa":{"a":0,"k":0,"ix":5},"nm":"Transform"}],"nm":"Ellipse 1","np":3,"cix":2,"ix":1,"mn":"ADBE Vector Group","hd":false}],"ip":0,"op":2698.00010989179,"st":0,"bm":0}]},{"id":"comp_1","layers":[{"ddd":0,"ind":1,"ty":4,"nm":"Shape Layer 3","sr":1,"ks":{"o":{"a":0,"k":100,"ix":11},"r":{"a":0,"k":0,"ix":10},"p":{"a":0,"k":[962,814,0],"ix":2},"a":{"a":0,"k":[-41.791,314,0],"ix":1},"s":{"a":1,"k":[{"i":{"x":[0.254,0.667,0.667],"y":[1.027,1,1]},"o":{"x":[0.333,0.333,0.333],"y":[0,0,0]},"n":["0p254_1p027_0p333_0","0p667_1_0p333_0","0p667_1_0p333_0"],"t":7,"s":[67,100,100],"e":[18,100,100]},{"i":{"x":[0.667,0.667,0.667],"y":[1,1,1]},"o":{"x":[0.791,0.306,0.333],"y":[0,0.678,0]},"n":["0p667_1_0p791_0","0p667_1_0p306_0p678","0p667_1_0p333_0"],"t":26,"s":[18,100,100],"e":[67,100,100]},{"t":45.0000018328876}],"ix":6}},"ao":0,"shapes":[{"ty":"gr","it":[{"ind":0,"ty":"sh","ix":1,"ks":{"a":0,"k":{"i":[[0,0],[0,0]],"o":[[0,0],[0,0]],"v":[[-130,315],[54,315]],"c":false},"ix":2},"nm":"Path 1","mn":"ADBE Vector Shape - Group","hd":false},{"ty":"tm","s":{"a":0,"k":0,"ix":1},"e":{"a":0,"k":100,"ix":2},"o":{"a":0,"k":0,"ix":3},"m":1,"ix":2,"nm":"Trim Paths 1","mn":"ADBE Vector Filter - Trim","hd":false},{"ty":"st","c":{"a":0,"k":[0.827450980392,0.827450980392,0.827450980392,1],"ix":3},"o":{"a":0,"k":100,"ix":4},"w":{"a":0,"k":16,"ix":5},"lc":2,"lj":1,"ml":4,"nm":"Stroke 1","mn":"ADBE Vector Graphic - Stroke","hd":false},{"ty":"tr","p":{"a":0,"k":[0,0],"ix":2},"a":{"a":0,"k":[0,0],"ix":1},"s":{"a":0,"k":[100,100],"ix":3},"r":{"a":0,"k":0,"ix":6},"o":{"a":0,"k":100,"ix":7},"sk":{"a":0,"k":0,"ix":4},"sa":{"a":0,"k":0,"ix":5},"nm":"Transform"}],"nm":"Shape 1","np":4,"cix":2,"ix":1,"mn":"ADBE Vector Group","hd":false}],"ip":0,"op":2698.00010989179,"st":0,"bm":0},{"ddd":0,"ind":2,"ty":4,"nm":"Shape Layer 2","parent":3,"sr":1,"ks":{"o":{"a":0,"k":100,"ix":11},"r":{"a":0,"k":0,"ix":10},"p":{"a":0,"k":[-506.754,392.155,0],"ix":2},"a":{"a":0,"k":[0,0,0],"ix":1},"s":{"a":0,"k":[100,100,100],"ix":6}},"ao":0,"shapes":[{"ty":"gr","it":[{"d":1,"ty":"el","s":{"a":0,"k":[109.5,109.5],"ix":2},"p":{"a":0,"k":[0,0],"ix":3},"nm":"Ellipse Path 1","mn":"ADBE Vector Shape - Ellipse","hd":false},{"ty":"tm","s":{"a":0,"k":82,"ix":1},"e":{"a":0,"k":100,"ix":2},"o":{"a":0,"k":-14,"ix":3},"m":1,"ix":2,"nm":"Trim Paths 1","mn":"ADBE Vector Filter - Trim","hd":false},{"ty":"st","c":{"a":0,"k":[1,1,1,1],"ix":3},"o":{"a":0,"k":100,"ix":4},"w":{"a":0,"k":8,"ix":5},"lc":2,"lj":1,"ml":4,"nm":"Stroke 1","mn":"ADBE Vector Graphic - Stroke","hd":false},{"ty":"tr","p":{"a":0,"k":[-31.75,-266.25],"ix":2},"a":{"a":0,"k":[0,0],"ix":1},"s":{"a":0,"k":[100,100],"ix":3},"r":{"a":0,"k":0,"ix":6},"o":{"a":0,"k":100,"ix":7},"sk":{"a":0,"k":0,"ix":4},"sa":{"a":0,"k":0,"ix":5},"nm":"Transform"}],"nm":"Ellipse 1","np":4,"cix":2,"ix":1,"mn":"ADBE Vector Group","hd":false}],"ip":0,"op":2698.00010989179,"st":0,"bm":0},{"ddd":0,"ind":3,"ty":4,"nm":"Shape Layer 1","sr":1,"ks":{"o":{"a":0,"k":100,"ix":11},"r":{"a":0,"k":0,"ix":10},"p":{"a":1,"k":[{"i":{"x":0.429,"y":1},"o":{"x":0.553,"y":0},"n":"0p429_1_0p553_0","t":7,"s":[963.5,769.25,0],"e":[963.5,232.25,0],"to":[0,-89.5,0],"ti":[0,0.16666667163372,0]},{"i":{"x":0.405,"y":0.968},"o":{"x":0.545,"y":0.009},"n":"0p405_0p968_0p545_0p009","t":26,"s":[963.5,232.25,0],"e":[963.5,768.25,0],"to":[0,-0.16666667163372,0],"ti":[0,-89.3333358764648,0]},{"t":43.0000017514259}],"ix":2},"a":{"a":0,"k":[-543.254,124.405,0],"ix":1},"s":{"a":1,"k":[{"i":{"x":[0.36,0.476,0.667],"y":[0.37,1,1]},"o":{"x":[0.333,0.333,0.333],"y":[0,0,0]},"n":["0p36_0p37_0p333_0","0p476_1_0p333_0","0p667_1_0p333_0"],"t":7,"s":[100,57,100],"e":[100,100,100]},{"i":{"x":[0.667,0.667,0.667],"y":[1,1,1]},"o":{"x":[0.422,0.552,0.333],"y":[-0.597,0,0]},"n":["0p667_1_0p422_-0p597","0p667_1_0p552_0","0p667_1_0p333_0"],"t":32,"s":[100,100,100],"e":[100,57,100]},{"t":43.0000017514259}],"ix":6}},"ao":0,"shapes":[{"ty":"gr","it":[{"d":1,"ty":"el","s":{"a":0,"k":[136,136],"ix":2},"p":{"a":0,"k":[0,0],"ix":3},"nm":"Ellipse Path 1","mn":"ADBE Vector Shape - Ellipse","hd":false},{"ty":"fl","c":{"a":0,"k":[0.905881993911,0,0,1],"ix":4},"o":{"a":0,"k":100,"ix":5},"r":1,"nm":"Fill 1","mn":"ADBE Vector Graphic - Fill","hd":false},{"ty":"tr","p":{"a":0,"k":[-544,124],"ix":2},"a":{"a":0,"k":[-2,0],"ix":1},"s":{"a":0,"k":[100,100],"ix":3},"r":{"a":0,"k":0,"ix":6},"o":{"a":0,"k":100,"ix":7},"sk":{"a":0,"k":0,"ix":4},"sa":{"a":0,"k":0,"ix":5},"nm":"Transform"}],"nm":"Ellipse 1","np":3,"cix":2,"ix":1,"mn":"ADBE Vector Group","hd":false}],"ip":0,"op":2698.00010989179,"st":0,"bm":0}]},{"id":"comp_2","layers":[{"ddd":0,"ind":1,"ty":4,"nm":"Shape Layer 9","sr":1,"ks":{"o":{"a":0,"k":100,"ix":11},"r":{"a":0,"k":0,"ix":10},"p":{"a":0,"k":[1316,814,0],"ix":2},"a":{"a":0,"k":[-41.791,314,0],"ix":1},"s":{"a":1,"k":[{"i":{"x":[0.254,0.667,0.667],"y":[1.027,1,1]},"o":{"x":[0.333,0.333,0.333],"y":[0,0,0]},"n":["0p254_1p027_0p333_0","0p667_1_0p333_0","0p667_1_0p333_0"],"t":12,"s":[67,100,100],"e":[18,100,100]},{"i":{"x":[0.667,0.667,0.667],"y":[1,1,1]},"o":{"x":[0.791,0.306,0.333],"y":[0,0.678,0]},"n":["0p667_1_0p791_0","0p667_1_0p306_0p678","0p667_1_0p333_0"],"t":31,"s":[18,100,100],"e":[67,100,100]},{"t":50.0000020365418}],"ix":6}},"ao":0,"shapes":[{"ty":"gr","it":[{"ind":0,"ty":"sh","ix":1,"ks":{"a":0,"k":{"i":[[0,0],[0,0]],"o":[[0,0],[0,0]],"v":[[-130,315],[54,315]],"c":false},"ix":2},"nm":"Path 1","mn":"ADBE Vector Shape - Group","hd":false},{"ty":"tm","s":{"a":0,"k":0,"ix":1},"e":{"a":0,"k":100,"ix":2},"o":{"a":0,"k":0,"ix":3},"m":1,"ix":2,"nm":"Trim Paths 1","mn":"ADBE Vector Filter - Trim","hd":false},{"ty":"st","c":{"a":0,"k":[0.827450980392,0.827450980392,0.827450980392,1],"ix":3},"o":{"a":0,"k":100,"ix":4},"w":{"a":0,"k":16,"ix":5},"lc":2,"lj":1,"ml":4,"nm":"Stroke 1","mn":"ADBE Vector Graphic - Stroke","hd":false},{"ty":"tr","p":{"a":0,"k":[0,0],"ix":2},"a":{"a":0,"k":[0,0],"ix":1},"s":{"a":0,"k":[100,100],"ix":3},"r":{"a":0,"k":0,"ix":6},"o":{"a":0,"k":100,"ix":7},"sk":{"a":0,"k":0,"ix":4},"sa":{"a":0,"k":0,"ix":5},"nm":"Transform"}],"nm":"Shape 1","np":4,"cix":2,"ix":1,"mn":"ADBE Vector Group","hd":false}],"ip":0,"op":2698.00010989179,"st":0,"bm":0},{"ddd":0,"ind":2,"ty":4,"nm":"Shape Layer 8","parent":3,"sr":1,"ks":{"o":{"a":0,"k":100,"ix":11},"r":{"a":0,"k":0,"ix":10},"p":{"a":0,"k":[-506.754,392.155,0],"ix":2},"a":{"a":0,"k":[0,0,0],"ix":1},"s":{"a":0,"k":[100,100,100],"ix":6}},"ao":0,"shapes":[{"ty":"gr","it":[{"d":1,"ty":"el","s":{"a":0,"k":[109.5,109.5],"ix":2},"p":{"a":0,"k":[0,0],"ix":3},"nm":"Ellipse Path 1","mn":"ADBE Vector Shape - Ellipse","hd":false},{"ty":"tm","s":{"a":0,"k":82,"ix":1},"e":{"a":0,"k":100,"ix":2},"o":{"a":0,"k":-14,"ix":3},"m":1,"ix":2,"nm":"Trim Paths 1","mn":"ADBE Vector Filter - Trim","hd":false},{"ty":"st","c":{"a":0,"k":[1,1,1,1],"ix":3},"o":{"a":0,"k":100,"ix":4},"w":{"a":0,"k":8,"ix":5},"lc":2,"lj":1,"ml":4,"nm":"Stroke 1","mn":"ADBE Vector Graphic - Stroke","hd":false},{"ty":"tr","p":{"a":0,"k":[-31.75,-266.25],"ix":2},"a":{"a":0,"k":[0,0],"ix":1},"s":{"a":0,"k":[100,100],"ix":3},"r":{"a":0,"k":0,"ix":6},"o":{"a":0,"k":100,"ix":7},"sk":{"a":0,"k":0,"ix":4},"sa":{"a":0,"k":0,"ix":5},"nm":"Transform"}],"nm":"Ellipse 1","np":4,"cix":2,"ix":1,"mn":"ADBE Vector Group","hd":false}],"ip":0,"op":2698.00010989179,"st":0,"bm":0},{"ddd":0,"ind":3,"ty":4,"nm":"Shape Layer 7","sr":1,"ks":{"o":{"a":0,"k":100,"ix":11},"r":{"a":0,"k":0,"ix":10},"p":{"a":1,"k":[{"i":{"x":0.429,"y":1},"o":{"x":0.553,"y":0},"n":"0p429_1_0p553_0","t":12,"s":[1313.5,769.25,0],"e":[1284.5,232.25,0],"to":[-4.83333349227905,-89.5,0],"ti":[-0.5,0.16666667163372,0]},{"i":{"x":0.405,"y":0.968},"o":{"x":0.545,"y":0.009},"n":"0p405_0p968_0p545_0p009","t":31,"s":[1284.5,232.25,0],"e":[1316.5,768.25,0],"to":[0.5,-0.16666667163372,0],"ti":[-5.33333349227905,-89.3333358764648,0]},{"t":48.0000019550801}],"ix":2},"a":{"a":0,"k":[-543.254,124.405,0],"ix":1},"s":{"a":1,"k":[{"i":{"x":[0.36,0.476,0.667],"y":[0.37,1,1]},"o":{"x":[0.333,0.333,0.333],"y":[0,0,0]},"n":["0p36_0p37_0p333_0","0p476_1_0p333_0","0p667_1_0p333_0"],"t":12,"s":[100,57,100],"e":[100,100,100]},{"i":{"x":[0.667,0.667,0.667],"y":[1,1,1]},"o":{"x":[0.422,0.552,0.333],"y":[-0.597,0,0]},"n":["0p667_1_0p422_-0p597","0p667_1_0p552_0","0p667_1_0p333_0"],"t":37,"s":[100,100,100],"e":[100,57,100]},{"t":48.0000019550801}],"ix":6}},"ao":0,"shapes":[{"ty":"gr","it":[{"d":1,"ty":"el","s":{"a":0,"k":[136,136],"ix":2},"p":{"a":0,"k":[0,0],"ix":3},"nm":"Ellipse Path 1","mn":"ADBE Vector Shape - Ellipse","hd":false},{"ty":"fl","c":{"a":0,"k":[0.905881993911,0,0,1],"ix":4},"o":{"a":0,"k":100,"ix":5},"r":1,"nm":"Fill 1","mn":"ADBE Vector Graphic - Fill","hd":false},{"ty":"tr","p":{"a":0,"k":[-544,124],"ix":2},"a":{"a":0,"k":[-2,0],"ix":1},"s":{"a":0,"k":[100,100],"ix":3},"r":{"a":0,"k":0,"ix":6},"o":{"a":0,"k":100,"ix":7},"sk":{"a":0,"k":0,"ix":4},"sa":{"a":0,"k":0,"ix":5},"nm":"Transform"}],"nm":"Ellipse 1","np":3,"cix":2,"ix":1,"mn":"ADBE Vector Group","hd":false}],"ip":0,"op":2698.00010989179,"st":0,"bm":0}]}],"layers":[{"ddd":0,"ind":1,"ty":0,"nm":"Pre-comp 2","refId":"comp_0","sr":1,"ks":{"o":{"a":0,"k":100,"ix":11},"r":{"a":0,"k":0,"ix":10},"p":{"a":0,"k":[1000,500,0],"ix":2},"a":{"a":0,"k":[1000,500,0],"ix":1},"s":{"a":0,"k":[100,100,100],"ix":6}},"ao":0,"w":2000,"h":1000,"ip":0,"op":2698.00010989179,"st":0,"bm":0},{"ddd":0,"ind":2,"ty":0,"nm":"Pre-comp 3","refId":"comp_1","sr":1,"ks":{"o":{"a":0,"k":100,"ix":11},"r":{"a":0,"k":0,"ix":10},"p":{"a":0,"k":[1000,500,0],"ix":2},"a":{"a":0,"k":[1000,500,0],"ix":1},"s":{"a":0,"k":[100,100,100],"ix":6}},"ao":0,"w":2000,"h":1000,"ip":0,"op":2698.00010989179,"st":0,"bm":0},{"ddd":0,"ind":3,"ty":0,"nm":"Pre-comp 1","refId":"comp_2","sr":1,"ks":{"o":{"a":0,"k":100,"ix":11},"r":{"a":0,"k":0,"ix":10},"p":{"a":0,"k":[1000,500,0],"ix":2},"a":{"a":0,"k":[1000,500,0],"ix":1},"s":{"a":0,"k":[100,100,100],"ix":6}},"ao":0,"w":2000,"h":1000,"ip":0,"op":2698.00010989179,"st":0,"bm":0}]}